{
  "global": {
    "title": "Verano",
    "tag": "Verano",
    "img": "img/verano.jpg",
    "thumb": "img/thumb.jpg",
    "disqusShortname": "",
    "googleAnalyticsId": ""
  },
  "footer": {
    "copyright": "© 2017. Designed & built with love.",
    "poweredBy": "Powered By <a href=\"https://github.com/zalando/sunstreet/\">Sunstreet</a>",
    "shortAbout": "Welcome summer!"
  },
  "contacts": {
    "0": {
      "url": "https://drive.google.com/drive/u/0/folders/0B-eS6q4Z96i_ZjlWVHpxT0NDZ0k",
      "img": "img/googleplus.svg"
    }
  },
  "pages": {
    "0": {
      "url": "content/cocina/cocina.md",
      "title": "Cocina",
      "tag": "Cocina",
      "img": "content/cocina/cocina.jpg",
      "disqusEnable": false
    },
    "1": {
      "url": "content/camaras/camaras.md",
      "title": "Cámaras",
      "tag": "Consumo",
      "img": "content/destinos/destinos.jpg",
      "disqusEnable": false
    },
    "2": {
      "url": "content/fondos/fondos.md",
      "title": "Fondos",
      "tag": "Fondos",
      "img": "",
      "disqusEnable": false
    },
    "3": {
      "url": "content/libros/libros.md",
      "title": "Libros",
      "tag": "Libros",
      "img": "content/libros/libros.jpg",
      "disqusEnable": false
    },
    "4": {
      "url": "content/terrazas/terrazas.md",
      "title": "Terrazas",
      "tag": "Terrazas",
      "img": "content/terrazas/terrazas.jpg",
      "disqusEnable": false
    },
    "5": {
      "url": "content/viajar/viajar.md",
      "title": "Viajar",
      "tag": "Viajar",
      "img": "content/viajar/viajar.jpg",
      "disqusEnable": false
    }
  },
  "posts": {
    "0": {
      "url": "content/cocina/mojito.md",
      "title": "Mojito",
      "tag": "Bebida, Mojito",
      "img": "content/cocina/mojito1.jpg",
      "thumb": "content/cocina/mojito2.jpg",
      "disqusIdentifier": "",
      "disqusLang": "",
      "disqusEnable": false,
      "date": "2017-06-21"
    },
    "1": {
      "url": "content/viajar/destinos/conil/conil.md",
      "title": "Conil de la Frontera",
      "tag": "Conil de la Frontera, Costa de la Luz",
      "img": "content/viajar/destinos/conil/conil.jpg",
      "thumb": "content/viajar/destinos/conil/conil.jpg",
      "disqusIdentifier": "",
      "disqusLang": "",
      "disqusEnable": false,
      "date": "2017-06-22"
    },
    "2": {
      "url": "content/viajar/maleta.md",
      "title": "Tips para hacer tu maleta de forma óptima",
      "tag": "Tips para hacer tu maleta de forma óptima",
      "img": "content/viajar/maleta.jpg",
      "thumb": "content/viajar/maleta.jpg",
      "disqusIdentifier": "",
      "disqusLang": "",
      "disqusEnable": false,
      "date": "2017-06-23"
    }
  }
}